{
  "Version": "2012-10-17",
  "Statement": [
    {
      "Effect": "Allow",
      "Action": [
        "s3:GetObject",
        "s3:PutObject",
        "s3:DeleteObject",
        "s3:ListBucket"
      ],
      "Resource": [
        "arn:aws:s3:::wedding-photo-spot-1752995104",
        "arn:aws:s3:::wedding-photo-spot-1752995104/*"
      ]
    },
    {
      "Effect": "Allow",
      "Action": [
        "ec2:DescribeInstances",
        "ec2:TerminateInstances"
      ],
      "Resource": "*"
    }
  ]
}
